[{"model": "admin.logentry", "pk": 1, "fields": {"action_time": "2021-01-28T10:59:50.007Z", "user": 1, "content_type": 8, "object_id": "1", "object_repr": "BlogType object (1)", "action_flag": 1, "change_message": "[{\"added\": {}}]"}}, {"model": "admin.logentry", "pk": 2, "fields": {"action_time": "2021-01-28T11:00:00.506Z", "user": 1, "content_type": 8, "object_id": "2", "object_repr": "BlogType object (2)", "action_flag": 1, "change_message": "[{\"added\": {}}]"}}, {"model": "admin.logentry", "pk": 3, "fields": {"action_time": "2021-01-28T11:00:06.322Z", "user": 1, "content_type": 8, "object_id": "3", "object_repr": "BlogType object (3)", "action_flag": 1, "change_message": "[{\"added\": {}}]"}}, {"model": "admin.logentry", "pk": 4, "fields": {"action_time": "2021-01-28T11:04:02.293Z", "user": 1, "content_type": 7, "object_id": "1", "object_repr": "<Blog:第一篇博客>", "action_flag": 1, "change_message": "[{\"added\": {}}]"}}, {"model": "admin.logentry", "pk": 5, "fields": {"action_time": "2021-01-29T02:40:04.737Z", "user": 1, "content_type": 7, "object_id": "2", "object_repr": "<Blog:第二篇博客>", "action_flag": 1, "change_message": "[{\"added\": {}}]"}}, {"model": "admin.logentry", "pk": 6, "fields": {"action_time": "2021-01-29T04:29:13.430Z", "user": 1, "content_type": 7, "object_id": "2", "object_repr": "<Blog:第二篇博客>", "action_flag": 3, "change_message": ""}}, {"model": "admin.logentry", "pk": 7, "fields": {"action_time": "2021-01-29T04:29:13.572Z", "user": 1, "content_type": 7, "object_id": "1", "object_repr": "<Blog:第一篇博客>", "action_flag": 3, "change_message": ""}}, {"model": "admin.logentry", "pk": 8, "fields": {"action_time": "2021-01-29T04:30:35.892Z", "user": 1, "content_type": 7, "object_id": "3", "object_repr": "<Blog:长内容的博客>", "action_flag": 1, "change_message": "[{\"added\": {}}]"}}, {"model": "admin.logentry", "pk": 9, "fields": {"action_time": "2021-01-29T07:49:59.030Z", "user": 1, "content_type": 7, "object_id": "4", "object_repr": "<Blog:2>", "action_flag": 1, "change_message": "[{\"added\": {}}]"}}, {"model": "admin.logentry", "pk": 10, "fields": {"action_time": "2021-01-29T07:50:10.681Z", "user": 1, "content_type": 7, "object_id": "5", "object_repr": "<Blog:得瑟得瑟>", "action_flag": 1, "change_message": "[{\"added\": {}}]"}}, {"model": "admin.logentry", "pk": 11, "fields": {"action_time": "2021-02-05T10:06:20.186Z", "user": 1, "content_type": 7, "object_id": "3", "object_repr": "<Blog:长内容的博客>", "action_flag": 2, "change_message": "[{\"changed\": {\"fields\": [\"Content\"]}}]"}}, {"model": "admin.logentry", "pk": 12, "fields": {"action_time": "2021-02-05T10:23:29.385Z", "user": 1, "content_type": 7, "object_id": "3", "object_repr": "<Blog:长内容的博客>", "action_flag": 2, "change_message": "[{\"changed\": {\"fields\": [\"Content\"]}}]"}}, {"model": "admin.logentry", "pk": 13, "fields": {"action_time": "2021-02-06T08:21:01.156Z", "user": 1, "content_type": 9, "object_id": "1", "object_repr": "ReadNum object (1)", "action_flag": 1, "change_message": "[{\"added\": {}}]"}}, {"model": "admin.logentry", "pk": 14, "fields": {"action_time": "2021-02-06T09:32:12.588Z", "user": 1, "content_type": 10, "object_id": "1", "object_repr": "ReadNum object (1)", "action_flag": 1, "change_message": "[{\"added\": {}}]"}}, {"model": "admin.logentry", "pk": 15, "fields": {"action_time": "2021-02-06T11:46:35.318Z", "user": 1, "content_type": 11, "object_id": "1", "object_repr": "ReadDetail object (1)", "action_flag": 1, "change_message": "[{\"added\": {}}]"}}, {"model": "admin.logentry", "pk": 16, "fields": {"action_time": "2021-02-08T03:11:28.562Z", "user": 1, "content_type": 11, "object_id": "5", "object_repr": "ReadDetail object (5)", "action_flag": 1, "change_message": "[{\"added\": {}}]"}}, {"model": "admin.logentry", "pk": 17, "fields": {"action_time": "2021-02-08T03:11:59.783Z", "user": 1, "content_type": 11, "object_id": "4", "object_repr": "ReadDetail object (4)", "action_flag": 3, "change_message": ""}}, {"model": "admin.logentry", "pk": 18, "fields": {"action_time": "2021-02-08T03:12:04.856Z", "user": 1, "content_type": 11, "object_id": "5", "object_repr": "ReadDetail object (5)", "action_flag": 3, "change_message": ""}}, {"model": "admin.logentry", "pk": 19, "fields": {"action_time": "2021-02-08T03:12:11.366Z", "user": 1, "content_type": 11, "object_id": "3", "object_repr": "ReadDetail object (3)", "action_flag": 3, "change_message": ""}}, {"model": "admin.logentry", "pk": 20, "fields": {"action_time": "2021-02-08T03:12:15.405Z", "user": 1, "content_type": 11, "object_id": "2", "object_repr": "ReadDetail object (2)", "action_flag": 3, "change_message": ""}}, {"model": "admin.logentry", "pk": 21, "fields": {"action_time": "2021-02-08T03:12:29.685Z", "user": 1, "content_type": 11, "object_id": "1", "object_repr": "ReadDetail object (1)", "action_flag": 2, "change_message": "[{\"changed\": {\"fields\": [\"Date\", \"Read num\"]}}]"}}, {"model": "admin.logentry", "pk": 22, "fields": {"action_time": "2021-02-08T03:29:26.193Z", "user": 1, "content_type": 11, "object_id": "8", "object_repr": "ReadDetail object (8)", "action_flag": 1, "change_message": "[{\"added\": {}}]"}}, {"model": "admin.logentry", "pk": 23, "fields": {"action_time": "2021-02-08T03:32:01.987Z", "user": 1, "content_type": 11, "object_id": "9", "object_repr": "ReadDetail object (9)", "action_flag": 1, "change_message": "[{\"added\": {}}]"}}, {"model": "admin.logentry", "pk": 24, "fields": {"action_time": "2021-02-08T03:32:18.862Z", "user": 1, "content_type": 11, "object_id": "10", "object_repr": "ReadDetail object (10)", "action_flag": 1, "change_message": "[{\"added\": {}}]"}}, {"model": "admin.logentry", "pk": 25, "fields": {"action_time": "2021-02-08T03:32:35.367Z", "user": 1, "content_type": 11, "object_id": "10", "object_repr": "ReadDetail object (10)", "action_flag": 2, "change_message": "[{\"changed\": {\"fields\": [\"Date\"]}}]"}}, {"model": "admin.logentry", "pk": 26, "fields": {"action_time": "2021-02-08T03:32:44.121Z", "user": 1, "content_type": 11, "object_id": "9", "object_repr": "ReadDetail object (9)", "action_flag": 2, "change_message": "[{\"changed\": {\"fields\": [\"Date\"]}}]"}}, {"model": "admin.logentry", "pk": 27, "fields": {"action_time": "2021-02-08T13:28:24.042Z", "user": 1, "content_type": 12, "object_id": "9", "object_repr": "Comment object (9)", "action_flag": 3, "change_message": ""}}, {"model": "admin.logentry", "pk": 28, "fields": {"action_time": "2021-02-08T13:28:24.289Z", "user": 1, "content_type": 12, "object_id": "8", "object_repr": "Comment object (8)", "action_flag": 3, "change_message": ""}}, {"model": "admin.logentry", "pk": 29, "fields": {"action_time": "2021-02-08T13:28:24.609Z", "user": 1, "content_type": 12, "object_id": "7", "object_repr": "Comment object (7)", "action_flag": 3, "change_message": ""}}, {"model": "admin.logentry", "pk": 30, "fields": {"action_time": "2021-02-08T13:28:24.740Z", "user": 1, "content_type": 12, "object_id": "6", "object_repr": "Comment object (6)", "action_flag": 3, "change_message": ""}}, {"model": "admin.logentry", "pk": 31, "fields": {"action_time": "2021-02-08T13:28:24.841Z", "user": 1, "content_type": 12, "object_id": "5", "object_repr": "Comment object (5)", "action_flag": 3, "change_message": ""}}, {"model": "admin.logentry", "pk": 32, "fields": {"action_time": "2021-02-08T13:28:24.952Z", "user": 1, "content_type": 12, "object_id": "4", "object_repr": "Comment object (4)", "action_flag": 3, "change_message": ""}}, {"model": "admin.logentry", "pk": 33, "fields": {"action_time": "2021-02-10T01:46:27.476Z", "user": 1, "content_type": 12, "object_id": "46", "object_repr": "Comment object (46)", "action_flag": 3, "change_message": ""}}, {"model": "admin.logentry", "pk": 34, "fields": {"action_time": "2021-02-10T01:46:27.886Z", "user": 1, "content_type": 12, "object_id": "45", "object_repr": "Comment object (45)", "action_flag": 3, "change_message": ""}}, {"model": "admin.logentry", "pk": 35, "fields": {"action_time": "2021-02-10T01:46:28.078Z", "user": 1, "content_type": 12, "object_id": "44", "object_repr": "Comment object (44)", "action_flag": 3, "change_message": ""}}, {"model": "admin.logentry", "pk": 36, "fields": {"action_time": "2021-02-10T01:46:28.186Z", "user": 1, "content_type": 12, "object_id": "43", "object_repr": "Comment object (43)", "action_flag": 3, "change_message": ""}}, {"model": "admin.logentry", "pk": 37, "fields": {"action_time": "2021-02-10T01:46:28.297Z", "user": 1, "content_type": 12, "object_id": "42", "object_repr": "Comment object (42)", "action_flag": 3, "change_message": ""}}, {"model": "admin.logentry", "pk": 38, "fields": {"action_time": "2021-02-10T01:46:28.396Z", "user": 1, "content_type": 12, "object_id": "41", "object_repr": "Comment object (41)", "action_flag": 3, "change_message": ""}}, {"model": "admin.logentry", "pk": 39, "fields": {"action_time": "2021-02-10T01:46:28.589Z", "user": 1, "content_type": 12, "object_id": "40", "object_repr": "Comment object (40)", "action_flag": 3, "change_message": ""}}, {"model": "admin.logentry", "pk": 40, "fields": {"action_time": "2021-02-10T01:46:28.784Z", "user": 1, "content_type": 12, "object_id": "39", "object_repr": "Comment object (39)", "action_flag": 3, "change_message": ""}}, {"model": "admin.logentry", "pk": 41, "fields": {"action_time": "2021-02-10T01:46:28.951Z", "user": 1, "content_type": 12, "object_id": "38", "object_repr": "Comment object (38)", "action_flag": 3, "change_message": ""}}, {"model": "admin.logentry", "pk": 42, "fields": {"action_time": "2021-02-10T01:46:29.073Z", "user": 1, "content_type": 12, "object_id": "37", "object_repr": "Comment object (37)", "action_flag": 3, "change_message": ""}}, {"model": "admin.logentry", "pk": 43, "fields": {"action_time": "2021-02-10T01:46:29.162Z", "user": 1, "content_type": 12, "object_id": "30", "object_repr": "Comment object (30)", "action_flag": 3, "change_message": ""}}, {"model": "admin.logentry", "pk": 44, "fields": {"action_time": "2021-02-10T01:46:29.240Z", "user": 1, "content_type": 12, "object_id": "29", "object_repr": "Comment object (29)", "action_flag": 3, "change_message": ""}}, {"model": "admin.logentry", "pk": 45, "fields": {"action_time": "2021-02-10T01:46:29.339Z", "user": 1, "content_type": 12, "object_id": "28", "object_repr": "Comment object (28)", "action_flag": 3, "change_message": ""}}, {"model": "admin.logentry", "pk": 46, "fields": {"action_time": "2021-02-10T01:46:29.418Z", "user": 1, "content_type": 12, "object_id": "27", "object_repr": "Comment object (27)", "action_flag": 3, "change_message": ""}}, {"model": "admin.logentry", "pk": 47, "fields": {"action_time": "2021-02-10T01:46:29.530Z", "user": 1, "content_type": 12, "object_id": "26", "object_repr": "Comment object (26)", "action_flag": 3, "change_message": ""}}, {"model": "admin.logentry", "pk": 48, "fields": {"action_time": "2021-02-10T01:46:29.640Z", "user": 1, "content_type": 12, "object_id": "25", "object_repr": "Comment object (25)", "action_flag": 3, "change_message": ""}}, {"model": "admin.logentry", "pk": 49, "fields": {"action_time": "2021-02-10T01:46:29.728Z", "user": 1, "content_type": 12, "object_id": "24", "object_repr": "Comment object (24)", "action_flag": 3, "change_message": ""}}, {"model": "admin.logentry", "pk": 50, "fields": {"action_time": "2021-02-10T01:46:29.851Z", "user": 1, "content_type": 12, "object_id": "23", "object_repr": "Comment object (23)", "action_flag": 3, "change_message": ""}}, {"model": "admin.logentry", "pk": 51, "fields": {"action_time": "2021-02-10T01:46:29.949Z", "user": 1, "content_type": 12, "object_id": "22", "object_repr": "Comment object (22)", "action_flag": 3, "change_message": ""}}, {"model": "admin.logentry", "pk": 52, "fields": {"action_time": "2021-02-10T01:46:30.051Z", "user": 1, "content_type": 12, "object_id": "21", "object_repr": "Comment object (21)", "action_flag": 3, "change_message": ""}}, {"model": "admin.logentry", "pk": 53, "fields": {"action_time": "2021-02-10T01:46:30.149Z", "user": 1, "content_type": 12, "object_id": "20", "object_repr": "Comment object (20)", "action_flag": 3, "change_message": ""}}, {"model": "admin.logentry", "pk": 54, "fields": {"action_time": "2021-02-10T01:46:30.450Z", "user": 1, "content_type": 12, "object_id": "19", "object_repr": "Comment object (19)", "action_flag": 3, "change_message": ""}}, {"model": "admin.logentry", "pk": 55, "fields": {"action_time": "2021-02-10T01:46:30.560Z", "user": 1, "content_type": 12, "object_id": "18", "object_repr": "Comment object (18)", "action_flag": 3, "change_message": ""}}, {"model": "admin.logentry", "pk": 56, "fields": {"action_time": "2021-02-10T01:46:30.672Z", "user": 1, "content_type": 12, "object_id": "17", "object_repr": "Comment object (17)", "action_flag": 3, "change_message": ""}}, {"model": "admin.logentry", "pk": 57, "fields": {"action_time": "2021-02-10T01:46:30.759Z", "user": 1, "content_type": 12, "object_id": "16", "object_repr": "Comment object (16)", "action_flag": 3, "change_message": ""}}, {"model": "admin.logentry", "pk": 58, "fields": {"action_time": "2021-02-10T01:49:22.480Z", "user": 1, "content_type": 12, "object_id": "47", "object_repr": "Comment object (47)", "action_flag": 1, "change_message": "[{\"added\": {}}]"}}, {"model": "admin.logentry", "pk": 59, "fields": {"action_time": "2021-02-10T01:54:07.591Z", "user": 1, "content_type": 12, "object_id": "48", "object_repr": "1234567", "action_flag": 1, "change_message": "[{\"added\": {}}]"}}, {"model": "admin.logentry", "pk": 60, "fields": {"action_time": "2021-02-10T02:09:43.709Z", "user": 1, "content_type": 12, "object_id": "48", "object_repr": "1234567", "action_flag": 2, "change_message": "[{\"changed\": {\"fields\": [\"Root\", \"Parent\", \"Reply to\"]}}]"}}, {"model": "admin.logentry", "pk": 61, "fields": {"action_time": "2021-02-10T08:04:14.823Z", "user": 1, "content_type": 12, "object_id": "56", "object_repr": "<p>是啥</p>", "action_flag": 3, "change_message": ""}}, {"model": "admin.logentry", "pk": 62, "fields": {"action_time": "2021-02-19T04:58:00.520Z", "user": 1, "content_type": 7, "object_id": "36", "object_repr": "<Blog:for 30>", "action_flag": 3, "change_message": ""}}, {"model": "admin.logentry", "pk": 63, "fields": {"action_time": "2021-02-19T04:58:00.647Z", "user": 1, "content_type": 7, "object_id": "35", "object_repr": "<Blog:for 29>", "action_flag": 3, "change_message": ""}}, {"model": "admin.logentry", "pk": 64, "fields": {"action_time": "2021-02-19T04:58:00.757Z", "user": 1, "content_type": 7, "object_id": "34", "object_repr": "<Blog:for 28>", "action_flag": 3, "change_message": ""}}, {"model": "admin.logentry", "pk": 65, "fields": {"action_time": "2021-02-19T04:58:00.922Z", "user": 1, "content_type": 7, "object_id": "33", "object_repr": "<Blog:for 27>", "action_flag": 3, "change_message": ""}}, {"model": "admin.logentry", "pk": 66, "fields": {"action_time": "2021-02-19T04:58:01.035Z", "user": 1, "content_type": 7, "object_id": "32", "object_repr": "<Blog:for 26>", "action_flag": 3, "change_message": ""}}, {"model": "admin.logentry", "pk": 67, "fields": {"action_time": "2021-02-19T04:58:01.135Z", "user": 1, "content_type": 7, "object_id": "31", "object_repr": "<Blog:for 25>", "action_flag": 3, "change_message": ""}}, {"model": "admin.logentry", "pk": 68, "fields": {"action_time": "2021-02-19T04:58:01.235Z", "user": 1, "content_type": 7, "object_id": "30", "object_repr": "<Blog:for 24>", "action_flag": 3, "change_message": ""}}, {"model": "admin.logentry", "pk": 69, "fields": {"action_time": "2021-02-19T04:58:01.346Z", "user": 1, "content_type": 7, "object_id": "29", "object_repr": "<Blog:for 23>", "action_flag": 3, "change_message": ""}}, {"model": "admin.logentry", "pk": 70, "fields": {"action_time": "2021-02-19T04:58:01.457Z", "user": 1, "content_type": 7, "object_id": "28", "object_repr": "<Blog:for 22>", "action_flag": 3, "change_message": ""}}, {"model": "admin.logentry", "pk": 71, "fields": {"action_time": "2021-02-19T04:58:01.553Z", "user": 1, "content_type": 7, "object_id": "27", "object_repr": "<Blog:for 21>", "action_flag": 3, "change_message": ""}}, {"model": "admin.logentry", "pk": 72, "fields": {"action_time": "2021-02-19T04:58:01.723Z", "user": 1, "content_type": 7, "object_id": "26", "object_repr": "<Blog:for 20>", "action_flag": 3, "change_message": ""}}, {"model": "admin.logentry", "pk": 73, "fields": {"action_time": "2021-02-19T04:58:01.834Z", "user": 1, "content_type": 7, "object_id": "25", "object_repr": "<Blog:for 19>", "action_flag": 3, "change_message": ""}}, {"model": "admin.logentry", "pk": 74, "fields": {"action_time": "2021-02-19T04:58:01.945Z", "user": 1, "content_type": 7, "object_id": "24", "object_repr": "<Blog:for 18>", "action_flag": 3, "change_message": ""}}, {"model": "admin.logentry", "pk": 75, "fields": {"action_time": "2021-02-19T04:58:02.066Z", "user": 1, "content_type": 7, "object_id": "23", "object_repr": "<Blog:for 17>", "action_flag": 3, "change_message": ""}}, {"model": "admin.logentry", "pk": 76, "fields": {"action_time": "2021-02-19T04:58:02.166Z", "user": 1, "content_type": 7, "object_id": "22", "object_repr": "<Blog:for 16>", "action_flag": 3, "change_message": ""}}, {"model": "admin.logentry", "pk": 77, "fields": {"action_time": "2021-02-19T04:58:02.400Z", "user": 1, "content_type": 7, "object_id": "21", "object_repr": "<Blog:for 15>", "action_flag": 3, "change_message": ""}}, {"model": "admin.logentry", "pk": 78, "fields": {"action_time": "2021-02-19T04:58:02.522Z", "user": 1, "content_type": 7, "object_id": "20", "object_repr": "<Blog:for 14>", "action_flag": 3, "change_message": ""}}, {"model": "admin.logentry", "pk": 79, "fields": {"action_time": "2021-02-19T04:58:02.690Z", "user": 1, "content_type": 7, "object_id": "19", "object_repr": "<Blog:for 13>", "action_flag": 3, "change_message": ""}}, {"model": "admin.logentry", "pk": 80, "fields": {"action_time": "2021-02-19T04:58:02.833Z", "user": 1, "content_type": 7, "object_id": "18", "object_repr": "<Blog:for 12>", "action_flag": 3, "change_message": ""}}, {"model": "admin.logentry", "pk": 81, "fields": {"action_time": "2021-02-19T04:58:02.931Z", "user": 1, "content_type": 7, "object_id": "17", "object_repr": "<Blog:for 11>", "action_flag": 3, "change_message": ""}}, {"model": "admin.logentry", "pk": 82, "fields": {"action_time": "2021-02-19T04:58:03.033Z", "user": 1, "content_type": 7, "object_id": "16", "object_repr": "<Blog:for 10>", "action_flag": 3, "change_message": ""}}, {"model": "admin.logentry", "pk": 83, "fields": {"action_time": "2021-02-19T04:58:03.132Z", "user": 1, "content_type": 7, "object_id": "7", "object_repr": "<Blog:for 1>", "action_flag": 3, "change_message": ""}}, {"model": "admin.logentry", "pk": 84, "fields": {"action_time": "2021-02-19T04:58:03.229Z", "user": 1, "content_type": 7, "object_id": "4", "object_repr": "<Blog:2>", "action_flag": 3, "change_message": ""}}, {"model": "admin.logentry", "pk": 85, "fields": {"action_time": "2021-02-19T04:58:03.321Z", "user": 1, "content_type": 7, "object_id": "3", "object_repr": "<Blog:长内容的博客>", "action_flag": 3, "change_message": ""}}, {"model": "admin.logentry", "pk": 86, "fields": {"action_time": "2021-02-26T12:10:49.231Z", "user": 1, "content_type": 15, "object_id": "1", "object_repr": "<Profile:594 for zyq>", "action_flag": 1, "change_message": "[{\"added\": {}}]"}}, {"model": "admin.logentry", "pk": 87, "fields": {"action_time": "2021-03-01T08:40:43.176Z", "user": 1, "content_type": 4, "object_id": "1", "object_repr": "zyq", "action_flag": 2, "change_message": "[{\"changed\": {\"fields\": [\"Email address\", \"Last login\"]}}]"}}, {"model": "auth.permission", "pk": 1, "fields": {"name": "Can add log entry", "content_type": 1, "codename": "add_logentry"}}, {"model": "auth.permission", "pk": 2, "fields": {"name": "Can change log entry", "content_type": 1, "codename": "change_logentry"}}, {"model": "auth.permission", "pk": 3, "fields": {"name": "Can delete log entry", "content_type": 1, "codename": "delete_logentry"}}, {"model": "auth.permission", "pk": 4, "fields": {"name": "Can view log entry", "content_type": 1, "codename": "view_logentry"}}, {"model": "auth.permission", "pk": 5, "fields": {"name": "Can add permission", "content_type": 2, "codename": "add_permission"}}, {"model": "auth.permission", "pk": 6, "fields": {"name": "Can change permission", "content_type": 2, "codename": "change_permission"}}, {"model": "auth.permission", "pk": 7, "fields": {"name": "Can delete permission", "content_type": 2, "codename": "delete_permission"}}, {"model": "auth.permission", "pk": 8, "fields": {"name": "Can view permission", "content_type": 2, "codename": "view_permission"}}, {"model": "auth.permission", "pk": 9, "fields": {"name": "Can add group", "content_type": 3, "codename": "add_group"}}, {"model": "auth.permission", "pk": 10, "fields": {"name": "Can change group", "content_type": 3, "codename": "change_group"}}, {"model": "auth.permission", "pk": 11, "fields": {"name": "Can delete group", "content_type": 3, "codename": "delete_group"}}, {"model": "auth.permission", "pk": 12, "fields": {"name": "Can view group", "content_type": 3, "codename": "view_group"}}, {"model": "auth.permission", "pk": 13, "fields": {"name": "Can add user", "content_type": 4, "codename": "add_user"}}, {"model": "auth.permission", "pk": 14, "fields": {"name": "Can change user", "content_type": 4, "codename": "change_user"}}, {"model": "auth.permission", "pk": 15, "fields": {"name": "Can delete user", "content_type": 4, "codename": "delete_user"}}, {"model": "auth.permission", "pk": 16, "fields": {"name": "Can view user", "content_type": 4, "codename": "view_user"}}, {"model": "auth.permission", "pk": 17, "fields": {"name": "Can add content type", "content_type": 5, "codename": "add_contenttype"}}, {"model": "auth.permission", "pk": 18, "fields": {"name": "Can change content type", "content_type": 5, "codename": "change_contenttype"}}, {"model": "auth.permission", "pk": 19, "fields": {"name": "Can delete content type", "content_type": 5, "codename": "delete_contenttype"}}, {"model": "auth.permission", "pk": 20, "fields": {"name": "Can view content type", "content_type": 5, "codename": "view_contenttype"}}, {"model": "auth.permission", "pk": 21, "fields": {"name": "Can add session", "content_type": 6, "codename": "add_session"}}, {"model": "auth.permission", "pk": 22, "fields": {"name": "Can change session", "content_type": 6, "codename": "change_session"}}, {"model": "auth.permission", "pk": 23, "fields": {"name": "Can delete session", "content_type": 6, "codename": "delete_session"}}, {"model": "auth.permission", "pk": 24, "fields": {"name": "Can view session", "content_type": 6, "codename": "view_session"}}, {"model": "auth.permission", "pk": 25, "fields": {"name": "Can add blog", "content_type": 7, "codename": "add_blog"}}, {"model": "auth.permission", "pk": 26, "fields": {"name": "Can change blog", "content_type": 7, "codename": "change_blog"}}, {"model": "auth.permission", "pk": 27, "fields": {"name": "Can delete blog", "content_type": 7, "codename": "delete_blog"}}, {"model": "auth.permission", "pk": 28, "fields": {"name": "Can view blog", "content_type": 7, "codename": "view_blog"}}, {"model": "auth.permission", "pk": 29, "fields": {"name": "Can add blog type", "content_type": 8, "codename": "add_blogtype"}}, {"model": "auth.permission", "pk": 30, "fields": {"name": "Can change blog type", "content_type": 8, "codename": "change_blogtype"}}, {"model": "auth.permission", "pk": 31, "fields": {"name": "Can delete blog type", "content_type": 8, "codename": "delete_blogtype"}}, {"model": "auth.permission", "pk": 32, "fields": {"name": "Can view blog type", "content_type": 8, "codename": "view_blogtype"}}, {"model": "auth.permission", "pk": 33, "fields": {"name": "Can add read num", "content_type": 9, "codename": "add_readnum"}}, {"model": "auth.permission", "pk": 34, "fields": {"name": "Can change read num", "content_type": 9, "codename": "change_readnum"}}, {"model": "auth.permission", "pk": 35, "fields": {"name": "Can delete read num", "content_type": 9, "codename": "delete_readnum"}}, {"model": "auth.permission", "pk": 36, "fields": {"name": "Can view read num", "content_type": 9, "codename": "view_readnum"}}, {"model": "auth.permission", "pk": 37, "fields": {"name": "Can add read num", "content_type": 10, "codename": "add_readnum"}}, {"model": "auth.permission", "pk": 38, "fields": {"name": "Can change read num", "content_type": 10, "codename": "change_readnum"}}, {"model": "auth.permission", "pk": 39, "fields": {"name": "Can delete read num", "content_type": 10, "codename": "delete_readnum"}}, {"model": "auth.permission", "pk": 40, "fields": {"name": "Can view read num", "content_type": 10, "codename": "view_readnum"}}, {"model": "auth.permission", "pk": 41, "fields": {"name": "Can add read detail", "content_type": 11, "codename": "add_readdetail"}}, {"model": "auth.permission", "pk": 42, "fields": {"name": "Can change read detail", "content_type": 11, "codename": "change_readdetail"}}, {"model": "auth.permission", "pk": 43, "fields": {"name": "Can delete read detail", "content_type": 11, "codename": "delete_readdetail"}}, {"model": "auth.permission", "pk": 44, "fields": {"name": "Can view read detail", "content_type": 11, "codename": "view_readdetail"}}, {"model": "auth.permission", "pk": 45, "fields": {"name": "Can add comment", "content_type": 12, "codename": "add_comment"}}, {"model": "auth.permission", "pk": 46, "fields": {"name": "Can change comment", "content_type": 12, "codename": "change_comment"}}, {"model": "auth.permission", "pk": 47, "fields": {"name": "Can delete comment", "content_type": 12, "codename": "delete_comment"}}, {"model": "auth.permission", "pk": 48, "fields": {"name": "Can view comment", "content_type": 12, "codename": "view_comment"}}, {"model": "auth.permission", "pk": 49, "fields": {"name": "Can add like record", "content_type": 13, "codename": "add_likerecord"}}, {"model": "auth.permission", "pk": 50, "fields": {"name": "Can change like record", "content_type": 13, "codename": "change_likerecord"}}, {"model": "auth.permission", "pk": 51, "fields": {"name": "Can delete like record", "content_type": 13, "codename": "delete_likerecord"}}, {"model": "auth.permission", "pk": 52, "fields": {"name": "Can view like record", "content_type": 13, "codename": "view_likerecord"}}, {"model": "auth.permission", "pk": 53, "fields": {"name": "Can add like count", "content_type": 14, "codename": "add_likecount"}}, {"model": "auth.permission", "pk": 54, "fields": {"name": "Can change like count", "content_type": 14, "codename": "change_likecount"}}, {"model": "auth.permission", "pk": 55, "fields": {"name": "Can delete like count", "content_type": 14, "codename": "delete_likecount"}}, {"model": "auth.permission", "pk": 56, "fields": {"name": "Can view like count", "content_type": 14, "codename": "view_likecount"}}, {"model": "auth.permission", "pk": 57, "fields": {"name": "Can add profile", "content_type": 15, "codename": "add_profile"}}, {"model": "auth.permission", "pk": 58, "fields": {"name": "Can change profile", "content_type": 15, "codename": "change_profile"}}, {"model": "auth.permission", "pk": 59, "fields": {"name": "Can delete profile", "content_type": 15, "codename": "delete_profile"}}, {"model": "auth.permission", "pk": 60, "fields": {"name": "Can view profile", "content_type": 15, "codename": "view_profile"}}, {"model": "auth.user", "pk": 1, "fields": {"password": "pbkdf2_sha256$216000$0oxi6Dq9Trbl$kdH/idMTbLiCzRJ+jT5t/b7ikJHnwN9yFLZfWccVvBc=", "last_login": "2021-03-02T08:49:11.794Z", "is_superuser": true, "username": "zyq", "first_name": "", "last_name": "", "email": "470382320@qq.com", "is_staff": true, "is_active": true, "date_joined": "2021-01-28T10:26:00Z", "groups": [], "user_permissions": []}}, {"model": "auth.user", "pk": 2, "fields": {"password": "pbkdf2_sha256$216000$QPFjrLtdwRMW$uV1QVfCyHvseD8A7kGEKhXGWa6vfQL1TjiECUCZdmuI=", "last_login": "2021-03-01T14:14:44.743Z", "is_superuser": false, "username": "liuxin", "first_name": "", "last_name": "", "email": "2105014075@qq.com", "is_staff": false, "is_active": true, "date_joined": "2021-03-01T10:47:22.169Z", "groups": [], "user_permissions": []}}, {"model": "contenttypes.contenttype", "pk": 1, "fields": {"app_label": "admin", "model": "logentry"}}, {"model": "contenttypes.contenttype", "pk": 2, "fields": {"app_label": "auth", "model": "permission"}}, {"model": "contenttypes.contenttype", "pk": 3, "fields": {"app_label": "auth", "model": "group"}}, {"model": "contenttypes.contenttype", "pk": 4, "fields": {"app_label": "auth", "model": "user"}}, {"model": "contenttypes.contenttype", "pk": 5, "fields": {"app_label": "contenttypes", "model": "contenttype"}}, {"model": "contenttypes.contenttype", "pk": 6, "fields": {"app_label": "sessions", "model": "session"}}, {"model": "contenttypes.contenttype", "pk": 7, "fields": {"app_label": "blog", "model": "blog"}}, {"model": "contenttypes.contenttype", "pk": 8, "fields": {"app_label": "blog", "model": "blogtype"}}, {"model": "contenttypes.contenttype", "pk": 9, "fields": {"app_label": "blog", "model": "readnum"}}, {"model": "contenttypes.contenttype", "pk": 10, "fields": {"app_label": "read_statistics", "model": "readnum"}}, {"model": "contenttypes.contenttype", "pk": 11, "fields": {"app_label": "read_statistics", "model": "readdetail"}}, {"model": "contenttypes.contenttype", "pk": 12, "fields": {"app_label": "comment", "model": "comment"}}, {"model": "contenttypes.contenttype", "pk": 13, "fields": {"app_label": "likes", "model": "likerecord"}}, {"model": "contenttypes.contenttype", "pk": 14, "fields": {"app_label": "likes", "model": "likecount"}}, {"model": "contenttypes.contenttype", "pk": 15, "fields": {"app_label": "user", "model": "profile"}}, {"model": "sessions.session", "pk": "1cvvbxvvw2tmsgbf8hfi0fvlh406qa7h", "fields": {"session_data": ".eJxVjEEOwiAQRe_C2hAYqAWX7j0DmWFAqgaS0q6Md7dNutDtf-_9twi4LiWsPc1hYnERWpx-N8L4THUH_MB6bzK2uswTyV2RB-3y1ji9rof7d1Cwl60mdEQmuQFAGSTNoPKQPfkMwGzP7KI1mzIqdNEAAY0-s8tae2cjafH5Avl5OFg:1lBaEF:aP1B3bYonn-Zy7vIu_EhyCiG0_bpyl_l_Whg-F-3qVc", "expire_date": "2021-03-01T09:31:39.609Z"}}, {"model": "sessions.session", "pk": "6po5ewfr4vitbwypevfijtan7rc84qpb", "fields": {"session_data": ".eJxVjEEOwiAQRe_C2hAYqAWX7j0DmWFAqgaS0q6Md7dNutDtf-_9twi4LiWsPc1hYnERWpx-N8L4THUH_MB6bzK2uswTyV2RB-3y1ji9rof7d1Cwl60mdEQmuQFAGSTNoPKQPfkMwGzP7KI1mzIqdNEAAY0-s8tae2cjafH5Avl5OFg:1l54zv:xohM4PMhVcyAcv4wUruZK_xOXTWxO1582mV6eRkzSd4", "expire_date": "2021-02-11T10:57:59.103Z"}}, {"model": "sessions.session", "pk": "do5i6coau2tc8bzmwl0il6w2hyy1jxfp", "fields": {"session_data": ".eJxVjEEOwiAQRe_C2hAYqAWX7j0DmWFAqgaS0q6Md7dNutDtf-_9twi4LiWsPc1hYnERWpx-N8L4THUH_MB6bzK2uswTyV2RB-3y1ji9rof7d1Cwl60mdEQmuQFAGSTNoPKQPfkMwGzP7KI1mzIqdNEAAY0-s8tae2cjafH5Avl5OFg:1lH0cU:BhTH5rticOGkfIp09A7tvmQIKN3PE_4Repqt9laPV2Y", "expire_date": "2021-03-16T08:43:06.785Z"}}, {"model": "sessions.session", "pk": "kb2vrexwg9u1w4hxgzy0o3fn13n4es3n", "fields": {"session_data": ".eJxVjEEOwiAQRe_C2hAYqAWX7j0DmWFAqgaS0q6Md7dNutDtf-_9twi4LiWsPc1hYnERWpx-N8L4THUH_MB6bzK2uswTyV2RB-3y1ji9rof7d1Cwl60mdEQmuQFAGSTNoPKQPfkMwGzP7KI1mzIqdNEAAY0-s8tae2cjafH5Avl5OFg:1lH0iN:CiUt-pZUBhnBvN7jB7sIFjXJwgLTbM0Vl35DkNqtNCw", "expire_date": "2021-03-16T08:49:11.988Z"}}, {"model": "sessions.session", "pk": "kh9qazlf8dmwceayio2etq6q6k3owvo1", "fields": {"session_data": ".eJxVjEEOwiAQRe_C2hAYqAWX7j0DmWFAqgaS0q6Md7dNutDtf-_9twi4LiWsPc1hYnERWpx-N8L4THUH_MB6bzK2uswTyV2RB-3y1ji9rof7d1Cwl60mdEQmuQFAGSTNoPKQPfkMwGzP7KI1mzIqdNEAAY0-s8tae2cjafH5Avl5OFg:1l5Jgb:RpfeBEvHPfqRujd5HWQv4ZFNn5SPAcNOvMreR5gmFPk", "expire_date": "2021-02-12T02:39:01.846Z"}}, {"model": "sessions.session", "pk": "sqw06guylddqpvu2mkflp74pc2jklzov", "fields": {"session_data": ".eJxVjEEOwiAQRe_C2hAYqAWX7j0DmWFAqgaS0q6Md7dNutDtf-_9twi4LiWsPc1hYnERWpx-N8L4THUH_MB6bzK2uswTyV2RB-3y1ji9rof7d1Cwl60mdEQmuQFAGSTNoPKQPfkMwGzP7KI1mzIqdNEAAY0-s8tae2cjafH5Avl5OFg:1lDfOi:ZLzhBiVFA0waKDVlHuCMZ_yGO5rsqjB003aLpAfqX5s", "expire_date": "2021-03-07T03:27:04.739Z"}}, {"model": "blog.blogtype", "pk": 1, "fields": {"type_name": "Django"}}, {"model": "blog.blogtype", "pk": 2, "fields": {"type_name": "随笔"}}, {"model": "blog.blogtype", "pk": 3, "fields": {"type_name": "感悟"}}, {"model": "blog.blog", "pk": 5, "fields": {"title": "得瑟得瑟", "blog_type": 2, "content": "是是啥", "author": 1, "created_time": "2021-01-29T07:50:10.675Z", "last_updated_time": "2021-01-29T07:50:10.675Z"}}, {"model": "blog.blog", "pk": 6, "fields": {"title": "shell下第一篇", "blog_type": 1, "content": "xxxxxxxxxxx", "author": 1, "created_time": "2021-02-04T08:49:21.903Z", "last_updated_time": "2021-02-04T08:49:21.903Z"}}, {"model": "blog.blog", "pk": 8, "fields": {"title": "for 2", "blog_type": 1, "content": "xxxx:2", "author": 1, "created_time": "2021-02-04T08:57:56.783Z", "last_updated_time": "2021-02-04T08:57:56.783Z"}}, {"model": "blog.blog", "pk": 9, "fields": {"title": "for 3", "blog_type": 1, "content": "xxxx:3", "author": 1, "created_time": "2021-02-04T08:57:56.892Z", "last_updated_time": "2021-02-04T08:57:56.892Z"}}, {"model": "blog.blog", "pk": 10, "fields": {"title": "for 4", "blog_type": 1, "content": "xxxx:4", "author": 1, "created_time": "2021-02-04T08:57:57.002Z", "last_updated_time": "2021-02-04T08:57:57.002Z"}}, {"model": "blog.blog", "pk": 11, "fields": {"title": "for 5", "blog_type": 1, "content": "xxxx:5", "author": 1, "created_time": "2021-02-04T08:57:57.103Z", "last_updated_time": "2021-02-04T08:57:57.103Z"}}, {"model": "blog.blog", "pk": 12, "fields": {"title": "for 6", "blog_type": 1, "content": "xxxx:6", "author": 1, "created_time": "2021-02-04T08:57:57.205Z", "last_updated_time": "2021-02-04T08:57:57.205Z"}}, {"model": "blog.blog", "pk": 13, "fields": {"title": "for 7", "blog_type": 1, "content": "xxxx:7", "author": 1, "created_time": "2021-02-04T08:57:57.347Z", "last_updated_time": "2021-02-04T08:57:57.347Z"}}, {"model": "blog.blog", "pk": 14, "fields": {"title": "for 8", "blog_type": 1, "content": "xxxx:8", "author": 1, "created_time": "2021-02-04T08:57:57.448Z", "last_updated_time": "2021-02-04T08:57:57.448Z"}}, {"model": "blog.blog", "pk": 15, "fields": {"title": "for 9", "blog_type": 1, "content": "xxxx:9", "author": 1, "created_time": "2021-02-04T08:57:57.612Z", "last_updated_time": "2021-02-04T08:57:57.612Z"}}, {"model": "read_statistics.readnum", "pk": 1, "fields": {"read_num": 42, "content_type": 7, "object_id": 36}}, {"model": "read_statistics.readnum", "pk": 2, "fields": {"read_num": 19, "content_type": 7, "object_id": 35}}, {"model": "read_statistics.readnum", "pk": 3, "fields": {"read_num": 7, "content_type": 7, "object_id": 34}}, {"model": "read_statistics.readnum", "pk": 4, "fields": {"read_num": 5, "content_type": 7, "object_id": 32}}, {"model": "read_statistics.readnum", "pk": 5, "fields": {"read_num": 9, "content_type": 7, "object_id": 31}}, {"model": "read_statistics.readnum", "pk": 6, "fields": {"read_num": 6, "content_type": 7, "object_id": 30}}, {"model": "read_statistics.readnum", "pk": 7, "fields": {"read_num": 7, "content_type": 7, "object_id": 33}}, {"model": "read_statistics.readnum", "pk": 8, "fields": {"read_num": 3, "content_type": 7, "object_id": 29}}, {"model": "read_statistics.readnum", "pk": 9, "fields": {"read_num": 2, "content_type": 7, "object_id": 28}}, {"model": "read_statistics.readnum", "pk": 10, "fields": {"read_num": 2, "content_type": 7, "object_id": 22}}, {"model": "read_statistics.readnum", "pk": 11, "fields": {"read_num": 2, "content_type": 7, "object_id": 21}}, {"model": "read_statistics.readnum", "pk": 12, "fields": {"read_num": 2, "content_type": 7, "object_id": 3}}, {"model": "read_statistics.readnum", "pk": 13, "fields": {"read_num": 2, "content_type": 7, "object_id": 4}}, {"model": "read_statistics.readnum", "pk": 14, "fields": {"read_num": 4, "content_type": 7, "object_id": 5}}, {"model": "read_statistics.readnum", "pk": 15, "fields": {"read_num": 2, "content_type": 7, "object_id": 7}}, {"model": "read_statistics.readnum", "pk": 16, "fields": {"read_num": 3, "content_type": 7, "object_id": 16}}, {"model": "read_statistics.readnum", "pk": 17, "fields": {"read_num": 4, "content_type": 7, "object_id": 17}}, {"model": "read_statistics.readnum", "pk": 18, "fields": {"read_num": 2, "content_type": 7, "object_id": 18}}, {"model": "read_statistics.readnum", "pk": 19, "fields": {"read_num": 2, "content_type": 7, "object_id": 24}}, {"model": "read_statistics.readnum", "pk": 20, "fields": {"read_num": 2, "content_type": 7, "object_id": 25}}, {"model": "read_statistics.readnum", "pk": 21, "fields": {"read_num": 2, "content_type": 7, "object_id": 26}}, {"model": "read_statistics.readnum", "pk": 22, "fields": {"read_num": 2, "content_type": 7, "object_id": 27}}, {"model": "read_statistics.readnum", "pk": 23, "fields": {"read_num": 1, "content_type": 7, "object_id": 10}}, {"model": "read_statistics.readnum", "pk": 24, "fields": {"read_num": 1, "content_type": 7, "object_id": 6}}, {"model": "read_statistics.readnum", "pk": 25, "fields": {"read_num": 1, "content_type": 7, "object_id": 8}}, {"model": "read_statistics.readnum", "pk": 26, "fields": {"read_num": 6, "content_type": 7, "object_id": 9}}, {"model": "read_statistics.readnum", "pk": 27, "fields": {"read_num": 1, "content_type": 7, "object_id": 11}}, {"model": "read_statistics.readnum", "pk": 28, "fields": {"read_num": 1, "content_type": 7, "object_id": 12}}, {"model": "read_statistics.readnum", "pk": 29, "fields": {"read_num": 1, "content_type": 7, "object_id": 13}}, {"model": "read_statistics.readnum", "pk": 30, "fields": {"read_num": 3, "content_type": 7, "object_id": 14}}, {"model": "read_statistics.readnum", "pk": 31, "fields": {"read_num": 7, "content_type": 7, "object_id": 15}}, {"model": "read_statistics.readnum", "pk": 32, "fields": {"read_num": 1, "content_type": 7, "object_id": 19}}, {"model": "read_statistics.readnum", "pk": 33, "fields": {"read_num": 1, "content_type": 7, "object_id": 20}}, {"model": "read_statistics.readnum", "pk": 34, "fields": {"read_num": 1, "content_type": 7, "object_id": 23}}, {"model": "read_statistics.readdetail", "pk": 39, "fields": {"date": "2021-02-15", "read_num": 1, "content_type": 7, "object_id": 5}}, {"model": "read_statistics.readdetail", "pk": 51, "fields": {"date": "2021-02-19", "read_num": 1, "content_type": 7, "object_id": 10}}, {"model": "read_statistics.readdetail", "pk": 55, "fields": {"date": "2021-02-19", "read_num": 1, "content_type": 7, "object_id": 5}}, {"model": "read_statistics.readdetail", "pk": 56, "fields": {"date": "2021-02-19", "read_num": 1, "content_type": 7, "object_id": 6}}, {"model": "read_statistics.readdetail", "pk": 58, "fields": {"date": "2021-02-19", "read_num": 1, "content_type": 7, "object_id": 8}}, {"model": "read_statistics.readdetail", "pk": 59, "fields": {"date": "2021-02-19", "read_num": 1, "content_type": 7, "object_id": 9}}, {"model": "read_statistics.readdetail", "pk": 60, "fields": {"date": "2021-02-19", "read_num": 1, "content_type": 7, "object_id": 11}}, {"model": "read_statistics.readdetail", "pk": 61, "fields": {"date": "2021-02-19", "read_num": 1, "content_type": 7, "object_id": 12}}, {"model": "read_statistics.readdetail", "pk": 62, "fields": {"date": "2021-02-19", "read_num": 1, "content_type": 7, "object_id": 13}}, {"model": "read_statistics.readdetail", "pk": 63, "fields": {"date": "2021-02-19", "read_num": 1, "content_type": 7, "object_id": 14}}, {"model": "read_statistics.readdetail", "pk": 64, "fields": {"date": "2021-02-19", "read_num": 1, "content_type": 7, "object_id": 15}}, {"model": "read_statistics.readdetail", "pk": 75, "fields": {"date": "2021-02-21", "read_num": 2, "content_type": 7, "object_id": 15}}, {"model": "read_statistics.readdetail", "pk": 76, "fields": {"date": "2021-02-21", "read_num": 3, "content_type": 7, "object_id": 9}}, {"model": "read_statistics.readdetail", "pk": 77, "fields": {"date": "2021-02-21", "read_num": 2, "content_type": 7, "object_id": 14}}, {"model": "read_statistics.readdetail", "pk": 78, "fields": {"date": "2021-02-21", "read_num": 2, "content_type": 7, "object_id": 5}}, {"model": "read_statistics.readdetail", "pk": 79, "fields": {"date": "2021-02-22", "read_num": 1, "content_type": 7, "object_id": 9}}, {"model": "read_statistics.readdetail", "pk": 80, "fields": {"date": "2021-02-28", "read_num": 1, "content_type": 7, "object_id": 9}}, {"model": "read_statistics.readdetail", "pk": 81, "fields": {"date": "2021-02-28", "read_num": 1, "content_type": 7, "object_id": 15}}, {"model": "read_statistics.readdetail", "pk": 82, "fields": {"date": "2021-03-01", "read_num": 1, "content_type": 7, "object_id": 15}}, {"model": "read_statistics.readdetail", "pk": 83, "fields": {"date": "2021-03-02", "read_num": 2, "content_type": 7, "object_id": 15}}, {"model": "comment.comment", "pk": 1, "fields": {"content_type": 7, "object_id": 35, "text": "ss", "comment_time": "2021-02-08T13:02:59.261Z", "user": 1, "root": null, "parent": null, "reply_to": null}}, {"model": "comment.comment", "pk": 2, "fields": {"content_type": 7, "object_id": 36, "text": "11111", "comment_time": "2021-02-08T13:03:09.820Z", "user": 1, "root": null, "parent": null, "reply_to": null}}, {"model": "comment.comment", "pk": 3, "fields": {"content_type": 7, "object_id": 36, "text": "xxxxxx", "comment_time": "2021-02-08T13:14:15.963Z", "user": 1, "root": null, "parent": null, "reply_to": null}}, {"model": "comment.comment", "pk": 10, "fields": {"content_type": 7, "object_id": 36, "text": "学习", "comment_time": "2021-02-08T13:25:37.488Z", "user": 1, "root": null, "parent": null, "reply_to": null}}, {"model": "comment.comment", "pk": 11, "fields": {"content_type": 7, "object_id": 36, "text": "学习", "comment_time": "2021-02-08T13:25:37.990Z", "user": 1, "root": null, "parent": null, "reply_to": null}}, {"model": "comment.comment", "pk": 12, "fields": {"content_type": 7, "object_id": 36, "text": "是啥", "comment_time": "2021-02-08T13:27:49.470Z", "user": 1, "root": null, "parent": null, "reply_to": null}}, {"model": "comment.comment", "pk": 13, "fields": {"content_type": 7, "object_id": 34, "text": "55\r\n", "comment_time": "2021-02-08T13:28:48.237Z", "user": 1, "root": null, "parent": null, "reply_to": null}}, {"model": "comment.comment", "pk": 14, "fields": {"content_type": 7, "object_id": 36, "text": "1", "comment_time": "2021-02-08T13:35:42.286Z", "user": 1, "root": null, "parent": null, "reply_to": null}}, {"model": "comment.comment", "pk": 15, "fields": {"content_type": 7, "object_id": 36, "text": "22", "comment_time": "2021-02-08T13:35:47.470Z", "user": 1, "root": null, "parent": null, "reply_to": null}}, {"model": "comment.comment", "pk": 31, "fields": {"content_type": 7, "object_id": 35, "text": "<p>0</p>", "comment_time": "2021-02-09T12:37:09.547Z", "user": 1, "root": null, "parent": null, "reply_to": null}}, {"model": "comment.comment", "pk": 32, "fields": {"content_type": 7, "object_id": 35, "text": "<p>0</p>", "comment_time": "2021-02-09T12:39:26.444Z", "user": 1, "root": null, "parent": null, "reply_to": null}}, {"model": "comment.comment", "pk": 33, "fields": {"content_type": 7, "object_id": 35, "text": "<p>7</p>", "comment_time": "2021-02-09T12:39:41.116Z", "user": 1, "root": null, "parent": null, "reply_to": null}}, {"model": "comment.comment", "pk": 34, "fields": {"content_type": 7, "object_id": 35, "text": "<p>1234</p>", "comment_time": "2021-02-09T12:49:44.765Z", "user": 1, "root": null, "parent": null, "reply_to": null}}, {"model": "comment.comment", "pk": 35, "fields": {"content_type": 7, "object_id": 35, "text": "<p>1234</p>", "comment_time": "2021-02-09T12:51:04.602Z", "user": 1, "root": null, "parent": null, "reply_to": null}}, {"model": "comment.comment", "pk": 36, "fields": {"content_type": 7, "object_id": 35, "text": "<p>3</p>", "comment_time": "2021-02-09T12:51:15.124Z", "user": 1, "root": null, "parent": null, "reply_to": null}}, {"model": "comment.comment", "pk": 47, "fields": {"content_type": 7, "object_id": 36, "text": "123456", "comment_time": "2021-02-10T01:49:22.474Z", "user": 1, "root": null, "parent": null, "reply_to": null}}, {"model": "comment.comment", "pk": 48, "fields": {"content_type": 7, "object_id": 36, "text": "1234567", "comment_time": "2021-02-10T01:54:07.585Z", "user": 1, "root": 2, "parent": 2, "reply_to": 1}}, {"model": "comment.comment", "pk": 49, "fields": {"content_type": 7, "object_id": 36, "text": "<p>1</p>", "comment_time": "2021-02-10T03:13:07.380Z", "user": 1, "root": null, "parent": null, "reply_to": null}}, {"model": "comment.comment", "pk": 50, "fields": {"content_type": 7, "object_id": 36, "text": "<p>11</p>", "comment_time": "2021-02-10T03:15:42.692Z", "user": 1, "root": 15, "parent": 15, "reply_to": 1}}, {"model": "comment.comment", "pk": 51, "fields": {"content_type": 7, "object_id": 30, "text": "<p>1</p>", "comment_time": "2021-02-10T03:27:37.575Z", "user": 1, "root": null, "parent": null, "reply_to": null}}, {"model": "comment.comment", "pk": 52, "fields": {"content_type": 7, "object_id": 35, "text": "<p>2</p>", "comment_time": "2021-02-10T03:43:25.433Z", "user": 1, "root": 36, "parent": 36, "reply_to": 1}}, {"model": "comment.comment", "pk": 53, "fields": {"content_type": 7, "object_id": 33, "text": "<p>11</p>", "comment_time": "2021-02-10T04:56:39.277Z", "user": 1, "root": null, "parent": null, "reply_to": null}}, {"model": "comment.comment", "pk": 54, "fields": {"content_type": 7, "object_id": 33, "text": "<p>123</p>", "comment_time": "2021-02-10T05:47:08.853Z", "user": 1, "root": 53, "parent": 53, "reply_to": 1}}, {"model": "comment.comment", "pk": 55, "fields": {"content_type": 7, "object_id": 33, "text": "<p>456</p>", "comment_time": "2021-02-10T05:48:46.442Z", "user": 1, "root": 53, "parent": 54, "reply_to": 1}}, {"model": "comment.comment", "pk": 59, "fields": {"content_type": 7, "object_id": 33, "text": "<p>CC</p>", "comment_time": "2021-02-10T08:02:53.554Z", "user": 1, "root": 53, "parent": 53, "reply_to": 1}}, {"model": "comment.comment", "pk": 60, "fields": {"content_type": 7, "object_id": 17, "text": "<p>11</p>", "comment_time": "2021-02-19T02:28:28.067Z", "user": 1, "root": null, "parent": null, "reply_to": null}}, {"model": "comment.comment", "pk": 61, "fields": {"content_type": 7, "object_id": 15, "text": "<p>ok</p>", "comment_time": "2021-02-19T05:07:54.268Z", "user": 1, "root": null, "parent": null, "reply_to": null}}, {"model": "comment.comment", "pk": 62, "fields": {"content_type": 7, "object_id": 15, "text": "<p>11</p>", "comment_time": "2021-02-21T02:08:41.186Z", "user": 1, "root": null, "parent": null, "reply_to": null}}, {"model": "comment.comment", "pk": 63, "fields": {"content_type": 7, "object_id": 15, "text": "<p>22</p>", "comment_time": "2021-02-21T02:08:51.749Z", "user": 1, "root": 62, "parent": 62, "reply_to": 1}}, {"model": "comment.comment", "pk": 64, "fields": {"content_type": 7, "object_id": 15, "text": "<p>33</p>", "comment_time": "2021-02-21T02:10:39.157Z", "user": 1, "root": 62, "parent": 63, "reply_to": 1}}, {"model": "comment.comment", "pk": 65, "fields": {"content_type": 7, "object_id": 15, "text": "<p>111</p>", "comment_time": "2021-02-21T02:22:52.566Z", "user": 1, "root": null, "parent": null, "reply_to": null}}, {"model": "comment.comment", "pk": 66, "fields": {"content_type": 7, "object_id": 15, "text": "<p>222</p>", "comment_time": "2021-02-21T02:23:09.747Z", "user": 1, "root": 65, "parent": 65, "reply_to": 1}}, {"model": "comment.comment", "pk": 67, "fields": {"content_type": 7, "object_id": 9, "text": "<p>xx</p>", "comment_time": "2021-02-22T04:51:27.317Z", "user": 1, "root": null, "parent": null, "reply_to": null}}, {"model": "comment.comment", "pk": 68, "fields": {"content_type": 7, "object_id": 15, "text": "<p>发送邮件</p>", "comment_time": "2021-03-02T08:45:15.286Z", "user": 1, "root": null, "parent": null, "reply_to": null}}, {"model": "comment.comment", "pk": 69, "fields": {"content_type": 7, "object_id": 15, "text": "<p>回复测试</p>", "comment_time": "2021-03-02T08:49:22.026Z", "user": 1, "root": 68, "parent": 68, "reply_to": 1}}, {"model": "comment.comment", "pk": 70, "fields": {"content_type": 7, "object_id": 15, "text": "<p>发送邮件</p>", "comment_time": "2021-03-02T09:03:58.512Z", "user": 1, "root": null, "parent": null, "reply_to": null}}, {"model": "comment.comment", "pk": 71, "fields": {"content_type": 7, "object_id": 15, "text": "<p>发送邮件</p>", "comment_time": "2021-03-02T09:04:04.571Z", "user": 1, "root": null, "parent": null, "reply_to": null}}, {"model": "comment.comment", "pk": 72, "fields": {"content_type": 7, "object_id": 15, "text": "<p>发送邮件</p>", "comment_time": "2021-03-02T09:04:14.615Z", "user": 1, "root": null, "parent": null, "reply_to": null}}, {"model": "comment.comment", "pk": 73, "fields": {"content_type": 7, "object_id": 15, "text": "<p>发送</p>", "comment_time": "2021-03-02T09:07:24.314Z", "user": 1, "root": null, "parent": null, "reply_to": null}}, {"model": "comment.comment", "pk": 74, "fields": {"content_type": 7, "object_id": 15, "text": "<p>发送</p>", "comment_time": "2021-03-02T09:08:38.615Z", "user": 1, "root": null, "parent": null, "reply_to": null}}, {"model": "comment.comment", "pk": 75, "fields": {"content_type": 7, "object_id": 15, "text": "<p>111111111111111111</p>", "comment_time": "2021-03-02T09:16:30.728Z", "user": 1, "root": null, "parent": null, "reply_to": null}}, {"model": "comment.comment", "pk": 76, "fields": {"content_type": 7, "object_id": 15, "text": "<p>11</p>", "comment_time": "2021-03-02T09:35:13.599Z", "user": 1, "root": null, "parent": null, "reply_to": null}}, {"model": "comment.comment", "pk": 77, "fields": {"content_type": 7, "object_id": 15, "text": "<p>44444</p>", "comment_time": "2021-03-02T09:47:26.772Z", "user": 1, "root": null, "parent": null, "reply_to": null}}, {"model": "comment.comment", "pk": 78, "fields": {"content_type": 7, "object_id": 15, "text": "<p>7</p>", "comment_time": "2021-03-02T09:49:45.063Z", "user": 1, "root": null, "parent": null, "reply_to": null}}, {"model": "comment.comment", "pk": 79, "fields": {"content_type": 7, "object_id": 15, "text": "<p>33</p>", "comment_time": "2021-03-02T09:52:53.656Z", "user": 1, "root": null, "parent": null, "reply_to": null}}, {"model": "likes.likecount", "pk": 1, "fields": {"content_type": 7, "object_id": 26, "liked_num": 1}}, {"model": "likes.likecount", "pk": 2, "fields": {"content_type": 7, "object_id": 27, "liked_num": 1}}, {"model": "likes.likecount", "pk": 3, "fields": {"content_type": 7, "object_id": 29, "liked_num": -1}}, {"model": "likes.likecount", "pk": 4, "fields": {"content_type": 7, "object_id": 28, "liked_num": 0}}, {"model": "likes.likecount", "pk": 5, "fields": {"content_type": 7, "object_id": 25, "liked_num": -1}}, {"model": "likes.likecount", "pk": 6, "fields": {"content_type": 7, "object_id": 24, "liked_num": -1}}, {"model": "likes.likecount", "pk": 7, "fields": {"content_type": 7, "object_id": 23, "liked_num": 0}}, {"model": "likes.likecount", "pk": 8, "fields": {"content_type": 7, "object_id": 36, "liked_num": -1}}, {"model": "likes.likecount", "pk": 9, "fields": {"content_type": 7, "object_id": 35, "liked_num": 0}}, {"model": "likes.likecount", "pk": 10, "fields": {"content_type": 7, "object_id": 34, "liked_num": -1}}, {"model": "likes.likecount", "pk": 11, "fields": {"content_type": 7, "object_id": 33, "liked_num": 0}}, {"model": "likes.likecount", "pk": 12, "fields": {"content_type": 7, "object_id": 32, "liked_num": -1}}, {"model": "likes.likecount", "pk": 13, "fields": {"content_type": 7, "object_id": 31, "liked_num": -1}}, {"model": "likes.likecount", "pk": 14, "fields": {"content_type": 7, "object_id": 30, "liked_num": -1}}, {"model": "likes.likecount", "pk": 15, "fields": {"content_type": 7, "object_id": 22, "liked_num": 0}}, {"model": "likes.likecount", "pk": 16, "fields": {"content_type": 7, "object_id": 21, "liked_num": -1}}, {"model": "likes.likecount", "pk": 17, "fields": {"content_type": 7, "object_id": 20, "liked_num": 0}}, {"model": "likes.likecount", "pk": 18, "fields": {"content_type": 7, "object_id": 19, "liked_num": 0}}, {"model": "likes.likecount", "pk": 19, "fields": {"content_type": 7, "object_id": 18, "liked_num": 0}}, {"model": "likes.likecount", "pk": 20, "fields": {"content_type": 7, "object_id": 17, "liked_num": 0}}, {"model": "likes.likecount", "pk": 21, "fields": {"content_type": 7, "object_id": 16, "liked_num": -1}}, {"model": "likes.likecount", "pk": 22, "fields": {"content_type": 7, "object_id": 15, "liked_num": 1}}, {"model": "likes.likecount", "pk": 23, "fields": {"content_type": 7, "object_id": 14, "liked_num": 0}}, {"model": "likes.likecount", "pk": 24, "fields": {"content_type": 7, "object_id": 13, "liked_num": 0}}, {"model": "likes.likecount", "pk": 25, "fields": {"content_type": 7, "object_id": 12, "liked_num": 0}}, {"model": "likes.likecount", "pk": 26, "fields": {"content_type": 7, "object_id": 11, "liked_num": 0}}, {"model": "likes.likecount", "pk": 27, "fields": {"content_type": 7, "object_id": 10, "liked_num": 1}}, {"model": "likes.likecount", "pk": 28, "fields": {"content_type": 7, "object_id": 9, "liked_num": 0}}, {"model": "likes.likecount", "pk": 29, "fields": {"content_type": 7, "object_id": 8, "liked_num": 0}}, {"model": "likes.likecount", "pk": 30, "fields": {"content_type": 7, "object_id": 7, "liked_num": -1}}, {"model": "likes.likecount", "pk": 31, "fields": {"content_type": 7, "object_id": 6, "liked_num": 0}}, {"model": "likes.likecount", "pk": 32, "fields": {"content_type": 7, "object_id": 5, "liked_num": 0}}, {"model": "likes.likecount", "pk": 33, "fields": {"content_type": 7, "object_id": 4, "liked_num": -1}}, {"model": "likes.likecount", "pk": 34, "fields": {"content_type": 7, "object_id": 3, "liked_num": -1}}, {"model": "likes.likecount", "pk": 35, "fields": {"content_type": 12, "object_id": 61, "liked_num": 1}}, {"model": "likes.likecount", "pk": 36, "fields": {"content_type": 12, "object_id": 62, "liked_num": 1}}, {"model": "likes.likecount", "pk": 37, "fields": {"content_type": 12, "object_id": 63, "liked_num": 1}}, {"model": "likes.likecount", "pk": 38, "fields": {"content_type": 12, "object_id": 64, "liked_num": 1}}, {"model": "likes.likecount", "pk": 39, "fields": {"content_type": 12, "object_id": 65, "liked_num": 0}}, {"model": "likes.likecount", "pk": 40, "fields": {"content_type": 12, "object_id": 66, "liked_num": 0}}, {"model": "likes.likecount", "pk": 41, "fields": {"content_type": 12, "object_id": 67, "liked_num": 0}}, {"model": "likes.likecount", "pk": 42, "fields": {"content_type": 12, "object_id": 68, "liked_num": 0}}, {"model": "likes.likecount", "pk": 43, "fields": {"content_type": 12, "object_id": 69, "liked_num": 0}}, {"model": "likes.likecount", "pk": 44, "fields": {"content_type": 12, "object_id": 72, "liked_num": 0}}, {"model": "likes.likecount", "pk": 45, "fields": {"content_type": 12, "object_id": 71, "liked_num": 0}}, {"model": "likes.likecount", "pk": 46, "fields": {"content_type": 12, "object_id": 70, "liked_num": 0}}, {"model": "likes.likecount", "pk": 47, "fields": {"content_type": 12, "object_id": 73, "liked_num": 0}}, {"model": "likes.likecount", "pk": 48, "fields": {"content_type": 12, "object_id": 74, "liked_num": 0}}, {"model": "likes.likecount", "pk": 49, "fields": {"content_type": 12, "object_id": 76, "liked_num": 0}}, {"model": "likes.likecount", "pk": 50, "fields": {"content_type": 12, "object_id": 75, "liked_num": 0}}, {"model": "likes.likecount", "pk": 51, "fields": {"content_type": 12, "object_id": 77, "liked_num": 0}}, {"model": "likes.likerecord", "pk": 14, "fields": {"content_type": 7, "object_id": 26, "user": 1, "liked_time": "2021-02-19T03:22:55.765Z"}}, {"model": "likes.likerecord", "pk": 15, "fields": {"content_type": 7, "object_id": 27, "user": 1, "liked_time": "2021-02-19T03:25:43.948Z"}}, {"model": "likes.likerecord", "pk": 16, "fields": {"content_type": 7, "object_id": 10, "user": 1, "liked_time": "2021-02-19T04:14:08.632Z"}}, {"model": "likes.likerecord", "pk": 34, "fields": {"content_type": 12, "object_id": 61, "user": 1, "liked_time": "2021-02-21T02:08:34.385Z"}}, {"model": "likes.likerecord", "pk": 37, "fields": {"content_type": 12, "object_id": 63, "user": 1, "liked_time": "2021-02-21T02:09:05.374Z"}}, {"model": "likes.likerecord", "pk": 38, "fields": {"content_type": 12, "object_id": 62, "user": 1, "liked_time": "2021-02-21T02:09:10.913Z"}}, {"model": "likes.likerecord", "pk": 39, "fields": {"content_type": 12, "object_id": 64, "user": 1, "liked_time": "2021-02-21T02:10:47.624Z"}}, {"model": "likes.likerecord", "pk": 46, "fields": {"content_type": 7, "object_id": 15, "user": 1, "liked_time": "2021-03-02T08:43:11.752Z"}}, {"model": "user.profile", "pk": 1, "fields": {"user": 1, "nickname": "594"}}]